,Full Name,Born,Batting Style,Bowling Style,Playing Role,Team,image_link,Name
0,Morawakage Maheesh Theekshana,"August 01, 2000, Colombo",Right hand Bat,Right arm Offbreak,Bowler,Sri Lanka,https://wassets.hscicdn.com/static/images/lazyimage-transparent.png,Maheesh Theekshana
1,Anrich Arno Nortje,16-Nov-93,Right hand Bat,Right arm Fast,Bowler,South Africa,"https://img1.hscicdn.com/image/upload/f_auto,t_ds_square_w_320/lsci/db/PICTURES/CMS/322000/322080.png",Anrich Nortje
2,Christopher Nicholas Greaves,12-Oct-90,Right hand Bat,Legbreak,Bowler,Scotland,"https://img1.hscicdn.com/image/upload/f_auto,t_ds_square_w_320/lsci/db/PICTURES/CMS/329700/329745.png",Chris Greaves
3,Ashton Charles Agar,"October 14, 1993, Melbourne, Victoria",Left hand Bat,Slow Left arm Orthodox,Bowler,WA Agar,"https://img1.hscicdn.com/image/upload/f_auto,t_ds_square_w_320/lsci/db/PICTURES/CMS/321500/321559.png",Ashton Agar
4,Milton Shumba,"October 19, 2000, Chitungwiza",Left hand Bat,Slow Left arm Orthodox,Top order Batter,Zimbabwe,https://drive.google.com/uc?export=view&id=1ExW9SW72zMaLijJHbfmPF3lbFF_dQC-m,Milton Shumba
5,Henry George Munsey,"February 21, 1993, Oxford",Left hand Bat,Right arm Medium fast,Opening Batter,Scotland,"https://img1.hscicdn.com/image/upload/f_auto,t_ds_square_w_320/lsci/db/PICTURES/CMS/320300/320365.png",George Munsey
6,Tristan Stubbs,14-Aug-00,Right hand Bat,Right arm Offbreak,Wicketkeeper Batter,South Africa,"https://img1.hscicdn.com/image/upload/f_auto,t_ds_square_w_320/lsci/db/PICTURES/CMS/348500/348577.png",Tristan Stubbs
7,Mujeeb Ur Rahman,"March 28, 2001, Khost",Right hand Bat,Right arm Offbreak,Bowler,Noor Ali Zadran,"https://img1.hscicdn.com/image/upload/f_auto,t_ds_square_w_320/lsci/db/PICTURES/CMS/320500/320501.png",Mujeeb Ur Rahman
8,Lachlan Hammond Ferguson,"June 13, 1991, Auckland",Right hand Bat,Right arm Fast,Bowler,New Zealand,"https://img1.hscicdn.com/image/upload/f_auto,t_ds_square_w_320/lsci/db/PICTURES/CMS/321200/321239.png",Lockie Ferguson
10,Craig Richard Ervine,"August 19, 1985, Harare",Left hand Bat,Right arm Offbreak,Middle order Batter,SM Ervine,https://wassets.hscicdn.com/static/images/lazyimage-transparent.png,Craig Ervine
11,Muhammad Waseem,12-Feb-94,Right hand Bat,Right arm Medium,Opening Batter,United Arab Emirates,"https://img1.hscicdn.com/image/upload/f_auto,t_h_100_2x/lsci/db/PICTURES/CMS/348600/348612.4.jpg",Muhammad Waseem
12,Adam Zampa,"March 31, 1992, Shellharbour, New South Wales",Right hand Bat,Legbreak Googly,Bowler,Australia,"https://img1.hscicdn.com/image/upload/f_auto,t_ds_square_w_320/lsci/db/PICTURES/CMS/321500/321549.png",Adam Zampa
13,Karthik Palaniapan Meiyappan,"October 08, 2000, Chennai, India",Right hand Bat,Legbreak,Bowler,United Arab Emirates,"https://img1.hscicdn.com/image/upload/f_auto,t_h_100_2x/lsci/db/PICTURES/CMS/348600/348624.4.jpg",Karthik Meiyappan
14,Chandrasekara Arachchilage Kasun Rajitha,"June 01, 1993, Matara",Right hand Bat,Right arm Medium fast,Bowler,Sri Lanka,"https://img1.hscicdn.com/image/upload/f_auto,t_ds_square_w_320/lsci/db/PICTURES/CMS/322900/322957.png",Kasun Rajitha
15,Paul Ronald Reiffel,"April 19, 1966, Box Hill, Victoria",Right hand Bat,Right arm Fast medium,Bowler,Australia,"https://img1.hscicdn.com/image/upload/f_auto,t_ds_square_w_320/lsci/db/PICTURES/CMS/331200/331242.png",Paul Reiffel
16,Vikramjit Singh,"January 09, 2003, Cheema Khurd, Punjab",Left hand Bat,Right arm Medium fast,Opening Batter,Netherlands,https://drive.google.com/uc?export=view&id=1ExW9SW72zMaLijJHbfmPF3lbFF_dQC-m,Vikramjit Singh
17,Zawar Farid,"July 25, 1992, Sahiwal",Right hand Bat,Right arm Medium,Bowler,United Arab Emirates,"https://img1.hscicdn.com/image/upload/f_auto,t_h_100_2x/lsci/db/PICTURES/CMS/348600/348630.4.jpg",Zawar Farid
18,Benjamin Andrew Stokes,"June 04, 1991, Christchurch, Canterbury, New Zealand",Left hand Bat,Right arm Fast medium,Allrounder,England,"https://img1.hscicdn.com/image/upload/f_auto,t_ds_square_w_320/lsci/db/PICTURES/CMS/319700/319748.png",Ben Stokes
19,Najmul Hossain Shanto,"August 25, 1998, Rajshahi",Left hand Bat,Right arm Offbreak,Top order Batter,Bangladesh,"https://img1.hscicdn.com/image/upload/f_auto,t_ds_square_w_320/lsci/db/PICTURES/CMS/323100/323155.png",Najmul Hossain Shanto
20,Barry John McCarthy,13-Sep-92,Right hand Bat,Right arm Fast medium,Bowler,LN McCarthy,"https://img1.hscicdn.com/image/upload/f_auto,t_ds_square_w_320/lsci/db/PICTURES/CMS/319800/319870.png",Barry McCarthy
21,Rahmanullah Gurbaz,28-Nov-01,Right hand Bat,,Wicketkeeper Batter,Masood Gurbaz,"https://img1.hscicdn.com/image/upload/f_auto,t_ds_square_w_320/lsci/db/PICTURES/CMS/320500/320504.png",Rahmanullah Gurbaz
23,Azmatullah Omarzai,24-Mar-00,Right hand Bat,Right arm Medium fast,Allrounder,Afghanistan,"https://img1.hscicdn.com/image/upload/f_auto,t_h_100_2x/lsci/db/PICTURES/CMS/347800/347832.4.jpg",Azmatullah Omarzai
24,Ahmed Raza,"October 10, 1988, Sharjah",Right hand Bat,Slow Left arm Orthodox,Bowler,United Arab Emirates,"https://img1.hscicdn.com/image/upload/f_auto,t_ds_square_w_320/lsci/db/PICTURES/CMS/320000/320094.png",Ahmed Raza
25,Jason Omar Holder,"November 05, 1991, Barbados",Right hand Bat,Right arm Medium fast,Bowling Allrounder,West Indies,"https://img1.hscicdn.com/image/upload/f_auto,t_ds_square_w_320/lsci/db/PICTURES/CMS/316600/316673.png",Jason Holder
26,David Wiese,"May 18, 1985, Roodepoort",Right hand Bat,Right arm Medium fast,Allrounder,Namibia,"https://img1.hscicdn.com/image/upload/f_auto,t_ds_square_w_320/lsci/db/PICTURES/CMS/322000/322079.png",David Wiese
27,Samuel Matthew Curran,"June 03, 1998, Northampton",Left hand Bat,Left arm Medium fast,Allrounder,TK Curran,"https://img1.hscicdn.com/image/upload/f_auto,t_ds_square_w_320/lsci/db/PICTURES/CMS/323100/323113.png",Sam Curran
28,Joseph Charles Buttler,"September 08, 1990, Taunton, Somerset",Right hand Bat,,Wicketkeeper Batter,England,"https://img1.hscicdn.com/image/upload/f_auto,t_ds_square_w_320/lsci/db/PICTURES/CMS/316600/316642.png",Jos Buttler
29,Qais Ahmad Kamawal,"August 15, 2000, Nangarhar",Right hand Bat,Legbreak,Bowler,Afghanistan,"https://img1.hscicdn.com/image/upload/f_auto,t_ds_square_w_320/lsci/db/PICTURES/CMS/321300/321329.png",Qais Ahmad
30,Ranjan Senerath Madugalle,"April 22, 1959, Kandy",Right hand Bat,Right arm Offbreak,Middle order Batter,Sri Lanka,https://wassets.hscicdn.com/static/images/lazyimage-transparent.png,Ranjan Madugalle
31,Luke Mafuwa Jongwe,"February 06, 1995, Harare",Right hand Bat,Right arm Fast medium,Bowler,Zimbabwe,"https://img1.hscicdn.com/image/upload/f_auto,t_ds_square_w_320/lsci/db/PICTURES/CMS/348500/348593.png",Luke Jongwe
32,Ruben Trumpelmann,"February 01, 1998, Durban",Right hand Bat,Left arm Fast,Bowler,Namibia,"https://img1.hscicdn.com/image/upload/f_auto,t_ds_square_w_320/lsci/db/PICTURES/CMS/348600/348607.png",Ruben Trumpelmann
34,Iftikhar Ahmed,"September 03, 1990, Peshawar, North-West Frontier Province",Right hand Bat,Right arm Offbreak,Middle order Batter,Pakistan,https://wassets.hscicdn.com/static/images/lazyimage-transparent.png,Iftikhar Ahmed
35,Asif Ali,"October 01, 1991, Faisalabad, Punjab",Right hand Bat,Right arm Offbreak,Middle order Batter,Pakistan,"https://img1.hscicdn.com/image/upload/f_auto,t_ds_square_w_320/lsci/db/PICTURES/CMS/322100/322192.png",Asif Ali
36,Tabraiz Shamsi,"February 18, 1990, Johannesburg, Gauteng",Right hand Bat,Left arm Wrist spin,Bowler,South Africa,"https://img1.hscicdn.com/image/upload/f_auto,t_ds_square_w_320/lsci/db/PICTURES/CMS/322000/322068.png",Tabraiz Shamsi
37,Zane Edward Green,"October 11, 1996, Namibia",Left hand Bat,,Wicketkeeper Batter,Namibia,"https://img1.hscicdn.com/image/upload/f_auto,t_ds_square_w_320/lsci/db/PICTURES/CMS/350300/350307.png",Zane Green
38,Andrew Balbirnie,"December 28, 1990, Dublin, Ireland",Right hand Bat,Right arm Offbreak,Batter,Ireland,"https://img1.hscicdn.com/image/upload/f_auto,t_ds_square_w_320/lsci/db/PICTURES/CMS/316600/316637.png",Andy Balbirnie
39,Lungisani True-man Ngidi,"March 29, 1996, Durban, Natal",Right hand Bat,Right arm Fast medium,Bowler,South Africa,"https://img1.hscicdn.com/image/upload/f_auto,t_ds_square_w_320/lsci/db/PICTURES/CMS/322000/322069.png",Lungi Ngidi
40,Timothy James Gerard Pringle,"August 29, 2002, The Hague",Right hand Bat,Slow Left arm Orthodox,Allrounder,C Pringle,https://drive.google.com/uc?export=view&id=1ExW9SW72zMaLijJHbfmPF3lbFF_dQC-m,Tim Pringle
41,Ebadot Hossain Chowdhury,"January 07, 1994, Moulvi Bazar, Sylhet",Right hand Bat,Right arm Fast medium,Bowler,Bangladesh,"https://img1.hscicdn.com/image/upload/f_auto,t_ds_square_w_320/lsci/db/PICTURES/CMS/345000/345078.png",Ebadot Hossain
42,Chandradasa Brahammana Ralalage Lahiru Sudesh Kumara,"February 13, 1997, Kandy",Left hand Bat,Right arm Fast,Bowler,Sri Lanka,"https://img1.hscicdn.com/image/upload/f_auto,t_ds_square_w_320/lsci/db/PICTURES/CMS/322900/322942.png",Lahiru Kumara
43,Graham Ian Hume,"November 23, 1990, Johannesburg, Gauteng",Left hand Bat,Right arm Fast medium,Bowler,Ireland,"https://img1.hscicdn.com/image/upload/f_auto,t_h_100_2x/lsci/db/PICTURES/CMS/112600/112615.1.jpg",Graham Hume
45,Muhammad Junaid Siddique,"December 06, 1992, Multan, Pakistan",Right hand Bat,Right arm Medium fast,Bowler,United Arab Emirates,"https://img1.hscicdn.com/image/upload/f_auto,t_h_100_2x/lsci/db/PICTURES/CMS/347800/347887.4.jpg",Junaid Siddique
46,Madagamagamage Dasun Shanaka,"September 09, 1991, Negombo",Right hand Bat,Right arm Medium,Allrounder,Sri Lanka,"https://img1.hscicdn.com/image/upload/f_auto,t_ds_square_w_320/lsci/db/PICTURES/CMS/328000/328058.png",Dasun Shanaka
47,Dhananjaya Maduranga de Silva,"September 06, 1991, Colombo",Right hand Bat,Right arm Offbreak,Allrounder,Sri Lanka,"https://img1.hscicdn.com/image/upload/f_auto,t_ds_square_w_320/lsci/db/PICTURES/CMS/319800/319859.png",Dhananjaya de Silva
48,Temba Bavuma,"May 17, 1990, Cape Town, Cape Province",Right hand Bat,Right arm Medium,Middle order Batter,South Africa,"https://img1.hscicdn.com/image/upload/f_auto,t_ds_square_w_320/lsci/db/PICTURES/CMS/320300/320389.png",Temba Bavuma
49,Haris Rauf,7-Nov-93,Right hand Bat,Right arm Fast,Bowler,Pakistan,"https://img1.hscicdn.com/image/upload/f_auto,t_ds_square_w_320/lsci/db/PICTURES/CMS/322200/322202.png",Haris Rauf
50,Mohammad Saleem Safi,"September 09, 2002, Baghlan",Right hand Bat,Right arm Fast,Bowler,Afghanistan,"https://img1.hscicdn.com/image/upload/f_auto,t_h_100_2x/lsci/db/PICTURES/CMS/347800/347834.4.jpg",Mohammad Saleem
51,Mohammad Nawaz,"March 21, 1994, Rawalpindi, Punjab",Left hand Bat,Slow Left arm Orthodox,Allrounder,Pakistan,"https://img1.hscicdn.com/image/upload/f_auto,t_ds_square_w_320/lsci/db/PICTURES/CMS/322200/322217.png",Mohammad Nawaz
52,Brandon Alexander King,"December 16, 1994, Kingston, Jamaica",Right hand Bat,,Top order Batter,West Indies,https://wassets.hscicdn.com/static/images/lazyimage-transparent.png,Brandon King
53,Quazi Nurul Hasan,"November 21, 1993, Khulna",Right hand Bat,,Wicketkeeper Batter,Bangladesh,"https://img1.hscicdn.com/image/upload/f_auto,t_ds_square_w_320/lsci/db/PICTURES/CMS/323100/323162.png",Nurul Hasan
54,Pinnaduwage Wanindu Hasaranga de Silva,"July 29, 1997, Galle",Right hand Bat,Legbreak,Allrounder,PC de Silva,"https://img1.hscicdn.com/image/upload/f_auto,t_ds_square_w_320/lsci/db/PICTURES/CMS/322900/322946.png",Wanindu Hasaranga de Silva
55,Harry Tom Tector,"December 06, 1999, Dublin",Right hand Bat,Right arm Offbreak,Middle order Batter,JB Tector,"https://img1.hscicdn.com/image/upload/f_auto,t_ds_square_w_320/lsci/db/PICTURES/CMS/319800/319873.png",Harry Tector
56,Fakhar Zaman,"April 10, 1990, Mardan, North-West Frontier Province",Left hand Bat,Slow Left arm Orthodox,Opening Batter,Pakistan,"https://img1.hscicdn.com/image/upload/f_auto,t_ds_square_w_320/lsci/db/PICTURES/CMS/320400/320449.png",Fakhar Zaman
57,Chamika Karunaratne,"May 29, 1996, Colombo",Right hand Bat,Right arm Medium fast,Bowling Allrounder,Sri Lanka,"https://img1.hscicdn.com/image/upload/f_auto,t_ds_square_w_320/lsci/db/PICTURES/CMS/329900/329937.png",Chamika Karunaratne
58,Blessing Muzarabani,"October 02, 1996, Harare",Right hand Bat,Right arm Fast medium,Bowler,Zimbabwe,"https://img1.hscicdn.com/image/upload/f_auto,t_ds_square_w_320/lsci/db/PICTURES/CMS/321400/321471.png",Blessing Muzarabani
59,Simi Singh,"February 04, 1987, Bathlana, Punjab, India",Right hand Bat,"Right arm Offbreak, Legbreak Googly",Bowling Allrounder,Ireland,"https://img1.hscicdn.com/image/upload/f_auto,t_ds_square_w_320/lsci/db/PICTURES/CMS/319800/319897.png",Simi Singh
60,Ibrahim Zadran,"December 12, 2001, Khost",Right hand Bat,Right arm Medium fast,Opening Batter,Afghanistan,"https://img1.hscicdn.com/image/upload/f_auto,t_ds_square_w_320/lsci/db/PICTURES/CMS/321300/321311.png",Ibrahim Zadran
61,Cameron Donald Green,3-Jun-99,Right hand Bat,Right arm Fast medium,Batting Allrounder,Australia,"https://img1.hscicdn.com/image/upload/f_auto,t_ds_square_w_320/lsci/db/PICTURES/CMS/321500/321569.png",Cameron Green
62,Evin Lewis,"December 27, 1991, Port of Spain, Trinidad",Left hand Bat,,Opening Batter,West Indies,https://wassets.hscicdn.com/static/images/lazyimage-transparent.png,Evin Lewis
63,Najibullah Zadran,"February 28, 1993, Logar",Left hand Bat,Right arm Offbreak,Middle order Batter,Afghanistan,"https://img1.hscicdn.com/image/upload/f_auto,t_ds_square_w_320/lsci/db/PICTURES/CMS/316600/316698.png",Najibullah Zadran
64,Christopher James Jordan,"October 04, 1988, Barbados",Right hand Bat,Right arm Fast medium,Bowler,England,"https://img1.hscicdn.com/image/upload/f_auto,t_ds_square_w_320/lsci/db/PICTURES/CMS/316600/316623.png",Chris Jordan
65,Nasum Ahmed,5-Dec-94,Left hand Bat,Slow Left arm Orthodox,Bowler,Bangladesh,"https://img1.hscicdn.com/image/upload/f_auto,t_ds_square_w_320/lsci/db/PICTURES/CMS/323100/323176.png",Nasum Ahmed
66,Colin Niel Ackermann,"April 04, 1991, George, South Africa",Right hand Bat,Right arm Offbreak,Batting Allrounder,Netherlands,"https://img1.hscicdn.com/image/upload/f_auto,t_ds_square_w_320/lsci/db/PICTURES/CMS/322600/322638.png",Colin Ackermann
67,Ben Shikongo,8-May-00,Right hand Bat,Right arm Medium fast,Bowler,Namibia,"https://img1.hscicdn.com/image/upload/f_auto,t_ds_square_w_320/lsci/db/PICTURES/CMS/329700/329760.png",Ben Shikongo
68,Aayan Afzal Khan,15-Nov-05,Right hand Bat,Slow Left arm Orthodox,Bowling Allrounder,United Arab Emirates,"https://img1.hscicdn.com/image/upload/f_auto,t_h_100_2x/lsci/db/PICTURES/CMS/348600/348618.4.jpg",Aayan Afzal Khan
69,Mitchell Aaron Starc,"January 30, 1990, Baulkham Hills, Sydney, New South Wales",Left hand Bat,Left arm Fast,Bowler,AJ Healy,https://wassets.hscicdn.com/static/images/lazyimage-transparent.png,Mitchell Starc
70,Quinton de Kock,"December 17, 1992, Johannesburg, Gauteng",Left hand Bat,,Wicketkeeper Batter,South Africa,"https://img1.hscicdn.com/image/upload/f_auto,t_ds_square_w_320/lsci/db/PICTURES/CMS/316600/316668.png",Quinton de Kock
71,Jan Nicol Loftie-Eaton,15-Mar-01,Left hand Bat,"Right arm Medium, Legbreak",Batter,Namibia,"https://img1.hscicdn.com/image/upload/f_auto,t_ds_square_w_320/lsci/db/PICTURES/CMS/348600/348606.png",Jan Nicol Loftie-Eaton
72,Brandon Dale Glover,"April 03, 1997, Johannesburg, Gauteng, South Africa",Right hand Bat,Right arm Fast,Bowler,Netherlands,"https://img1.hscicdn.com/image/upload/f_auto,t_ds_square_w_320/lsci/db/PICTURES/CMS/325900/325907.png",Brandon Glover
73,Timm van der Gugten,"February 25, 1991, Hornsby, Upper North Shore, Sydney",Right hand Bat,Right arm Fast medium,Bowler,Netherlands,https://wassets.hscicdn.com/static/images/lazyimage-transparent.png,Timm van der Gugten
74,Lorcan John Tucker,"September 10, 1996, Dublin",Right hand Bat,,Wicketkeeper Batter,Ireland,"https://img1.hscicdn.com/image/upload/f_auto,t_ds_square_w_320/lsci/db/PICTURES/CMS/339100/339164.png",Lorcan Tucker
75,Tony Tanaka Munyonga,"January 31, 1999, Chitungwiza",Right hand Bat,Right arm Offbreak,Allrounder,Zimbabwe,"https://img1.hscicdn.com/image/upload/f_auto,t_ds_square_w_320/lsci/db/PICTURES/CMS/348500/348594.png",Tony Munyonga
76,Kashif Daud,"February 10, 1986, Sialkot, Punjab",Right hand Bat,Right arm Medium fast,Bowling Allrounder,United Arab Emirates,https://wassets.hscicdn.com/static/images/lazyimage-noaspect.svg,Kashif Daud
77,Virat Kohli,"November 05, 1988, Delhi",Right hand Bat,Right arm Medium,Top order Batter,India,"https://img1.hscicdn.com/image/upload/f_auto,t_ds_square_w_320/lsci/db/PICTURES/CMS/316600/316605.png",Virat Kohli
79,Hazratullah Zazai,"March 23, 1998, Paktia",Left hand Bat,Slow Left arm Orthodox,Opening Batter,Afghanistan,"https://img1.hscicdn.com/image/upload/f_auto,t_ds_square_w_320/lsci/db/PICTURES/CMS/320400/320497.png",Hazratullah Zazai
80,Mohammad Rizwan,"June 01, 1992, Peshawar, Khyber Pakhtunkhwa",Right hand Bat,,Wicketkeeper Batter,Pakistan,"https://img1.hscicdn.com/image/upload/f_auto,t_ds_square_w_320/lsci/db/PICTURES/CMS/320400/320458.png",Mohammad Rizwan
81,Merwe Gerhard Erasmus,"April 11, 1995, Windhoek, Namibia",Right hand Bat,Right arm Offbreak,Allrounder,Namibia,"https://img1.hscicdn.com/image/upload/f_auto,t_ds_square_w_320/lsci/db/PICTURES/CMS/329700/329755.png",Gerhard Erasmus
82,Adam Fraser Milne,"April 13, 1992, Palmerston North",Right hand Bat,Right arm Fast,Bowler,New Zealand,"https://img1.hscicdn.com/image/upload/f_auto,t_ds_square_w_320/lsci/db/PICTURES/CMS/316600/316689.png",Adam Milne
83,Matthew Henry Cross,"October 15, 1992, Aberdeen",Right hand Bat,,Wicketkeeper Batter,Scotland,"https://img1.hscicdn.com/image/upload/f_auto,t_ds_square_w_320/lsci/db/PICTURES/CMS/316600/316680.png",Matthew Cross
84,Finnley Hugh Allen,"April 22, 1999, Auckland",Right hand Bat,,Top order Batter,New Zealand,"https://img1.hscicdn.com/image/upload/f_auto,t_ds_square_w_320/lsci/db/PICTURES/CMS/321200/321220.png",Finn Allen
85,Taskin Ahmed,"April 03, 1995, Dhaka",Left hand Bat,Right arm Fast,Bowler,Bangladesh,"https://img1.hscicdn.com/image/upload/f_auto,t_ds_square_w_320/lsci/db/PICTURES/CMS/316700/316703.png",Taskin Ahmed
86,Sean Colin Williams,"September 26, 1986, Bulawayo",Left hand Bat,Slow Left arm Orthodox,Middle order Batter,CR Williams,"https://img1.hscicdn.com/image/upload/f_auto,t_ds_square_w_320/lsci/db/PICTURES/CMS/316500/316568.png",Sean Williams
87,Kannaur Lokesh Rahul,"April 18, 1992, Bangalore, Karnataka",Right hand Bat,,Opening Batter,India,https://wassets.hscicdn.com/static/images/lazyimage-transparent.png,KL Rahul
88,Joshua Henry Davey,"August 03, 1990, Aberdeen",Right hand Bat,Right arm Medium fast,Bowler,Scotland,https://wassets.hscicdn.com/static/images/lazyimage-transparent.png,Josh Davey
89,George Henry Dockrell,"July 22, 1992, Dublin",Right hand Bat,Slow Left arm Orthodox,Allrounder,Ireland,"https://img1.hscicdn.com/image/upload/f_auto,t_ds_square_w_320/lsci/db/PICTURES/CMS/316600/316659.png",George Dockrell
90,Suryakumar Ashok Yadav,"September 14, 1990, Mumbai, Maharashtra",Right hand Bat,"Right arm Medium, Right arm Offbreak",Batter,India,"https://img1.hscicdn.com/image/upload/f_auto,t_ds_square_w_320/lsci/db/PICTURES/CMS/331100/331163.png",Suryakumar Yadav
91,Pramod Bhanuka Bandara Rajapaksa,"October 24, 1991, Colombo",Left hand Bat,Right arm Medium,Top order Batter,SSB Rajapaksa,"https://img1.hscicdn.com/image/upload/f_auto,t_ds_square_w_320/lsci/db/PICTURES/CMS/340300/340306.png",Bhanuka Rajapaksa
92,Fareed Ahmad Malik,"August 10, 1994, Nangarahar",Left hand Bat,Left arm Fast medium,Bowler,Afghanistan,"https://img1.hscicdn.com/image/upload/f_auto,t_ds_square_w_320/lsci/db/PICTURES/CMS/320400/320494.png",Fareed Ahmad
93,Patrick James Cummins,"May 08, 1993, Westmead, Sydney",Right hand Bat,Right arm Fast,Bowler,Australia,"https://img1.hscicdn.com/image/upload/f_auto,t_ds_square_w_320/lsci/db/PICTURES/CMS/316600/316692.png",Pat Cummins
94,Rishabh Rajendra Pant,"October 04, 1997, Haridwar, Uttarakhand",Left hand Bat,,Wicketkeeper Batter,India,"https://img1.hscicdn.com/image/upload/f_auto,t_ds_square_w_320/lsci/db/PICTURES/CMS/323000/323036.png",Rishabh Pant
95,Deepak Jagbir Hooda,"April 19, 1995, Rohtak",Right hand Bat,Right arm Offbreak,Allrounder,India,"https://img1.hscicdn.com/image/upload/f_auto,t_ds_square_w_320/lsci/db/PICTURES/CMS/345000/345083.png",Deepak Hooda
96,Timothy Grant Southee,"December 11, 1988, Whangarei, Northland",Right hand Bat,Right arm Medium fast,Bowler,New Zealand,"https://img1.hscicdn.com/image/upload/f_auto,t_ds_square_w_320/lsci/db/PICTURES/CMS/316500/316596.png",Tim Southee
97,Glenn James Maxwell,"October 14, 1988, Kew, Melbourne, Victoria",Right hand Bat,Right arm Offbreak,Batting Allrounder,Australia,"https://img1.hscicdn.com/image/upload/f_auto,t_ds_square_w_320/lsci/db/PICTURES/CMS/316600/316657.png",Glenn Maxwell
98,Aaron James Finch,"November 17, 1986, Colac, Victoria",Right hand Bat,Slow Left arm Orthodox,Top order Batter,Australia,"https://img1.hscicdn.com/image/upload/f_auto,t_ds_square_w_320/lsci/db/PICTURES/CMS/316500/316533.png",Aaron Finch
100,Philip Dean Salt,"August 28, 1996, Bodelwyddan, North Wales",Right hand Bat,Right arm Offbreak,Wicketkeeper Batter,England,"https://img1.hscicdn.com/image/upload/f_auto,t_ds_square_w_320/lsci/db/PICTURES/CMS/324200/324245.png",Phil Salt
101,Moeen Munir Ali,"June 18, 1987, Birmingham",Left hand Bat,Right arm Offbreak,Batting Allrounder,OM Ali,"https://img1.hscicdn.com/image/upload/f_auto,t_ds_square_w_320/lsci/db/PICTURES/CMS/316500/316557.png",Moeen Ali
102,Chirag Suri,"February 18, 1995, New Delhi, India",Right hand Bat,"Right arm Offbreak, Legbreak Googly",Opening Batter,United Arab Emirates,"https://img1.hscicdn.com/image/upload/f_auto,t_ds_square_w_320/lsci/db/PICTURES/CMS/320000/320095.png",Chirag Suri
103,Hardik Himanshu Pandya,"October 11, 1993, Choryasi, Gujarat",Right hand Bat,Right arm Medium fast,Allrounder,KH Pandya,"https://img1.hscicdn.com/image/upload/f_auto,t_ds_square_w_320/lsci/db/PICTURES/CMS/319900/319938.png",Hardik Pandya
104,Paul Adriaan van Meekeren,"January 15, 1993, Amsterdam, Netherlands",Right hand Bat,Right arm Fast medium,Bowler,Netherlands,https://wassets.hscicdn.com/static/images/lazyimage-transparent.png,Paul van Meekeren
105,Tymal Solomon Mills,"August 12, 1992, Dewsbury, Yorkshire",Right hand Bat,Left arm Fast,Bowler,England,"https://img1.hscicdn.com/image/upload/f_auto,t_ds_square_w_320/lsci/db/PICTURES/CMS/323100/323104.png",Tymal Mills
106,Axar Rajeshbhai Patel,"January 20, 1994, Anand, Gujarat",Left hand Bat,Slow Left arm Orthodox,Bowling Allrounder,India,"https://img1.hscicdn.com/image/upload/f_auto,t_ds_square_w_320/lsci/db/PICTURES/CMS/331100/331164.png",Axar Patel
107,Brian Christopher Broad,"September 29, 1957, Knowle, Somerset",Left hand Bat,Right arm Medium,Opening Batter,SCJ Broad,"https://img1.hscicdn.com/image/upload/f_auto,t_h_100_2x/lsci/db/PICTURES/CMS/304500/304500.jpg",Chris Broad
108,Wessly Nyasha Madhevere,"September 04, 2000, Harare",Right hand Bat,Right arm Offbreak,Allrounder,Zimbabwe,"https://img1.hscicdn.com/image/upload/f_auto,t_ds_square_w_320/lsci/db/PICTURES/CMS/326500/326552.png",Wessly Madhevere
109,Stephan Julian Baard,"April 29, 1992, Namibia",Right hand Bat,Right arm Medium fast,Batter,Namibia,"https://img1.hscicdn.com/image/upload/f_auto,t_ds_square_w_320/lsci/db/PICTURES/CMS/329700/329756.png",Stephan Baard
110,Rohit Gurunath Sharma,"April 30, 1987, Bansod, Nagpur, Maharashtra",Right hand Bat,Right arm Offbreak,Top order Batter,India,"https://img1.hscicdn.com/image/upload/f_auto,t_ds_square_w_320/lsci/db/PICTURES/CMS/316500/316584.png",Rohit Sharma
111,Afif Hossain Dhrubo,"September 22, 1999, Khulna",Left hand Bat,Right arm Offbreak,Allrounder,Bangladesh,"https://img1.hscicdn.com/image/upload/f_auto,t_ds_square_w_320/lsci/db/PICTURES/CMS/323100/323159.png",Afif Hossain
112,Glenn Dominic Phillips,"December 06, 1996, East London, Eastern Cape, South Africa",Right hand Bat,Right arm Offbreak,Wicketkeeper Batter,DJ Grobbelaar,"https://img1.hscicdn.com/image/upload/f_auto,t_ds_square_w_320/lsci/db/PICTURES/CMS/321200/321223.png",Glenn Phillips
113,Fahad Nawaz,"January 15, 2000, Dubai",Right hand Bat,Slow Left arm Orthodox,Allrounder,United Arab Emirates,"https://img1.hscicdn.com/image/upload/f_auto,t_h_100_2x/lsci/db/PICTURES/CMS/348600/348622.4.jpg",Fahad Nawaz
114,Stephanus Johannes Myburgh,"February 28, 1984, Pretoria, Transvaal",Left hand Bat,Right arm Offbreak,Opening Batter,JG Myburgh,"https://img1.hscicdn.com/image/upload/f_auto,t_ds_square_w_320/lsci/db/PICTURES/CMS/322500/322584.png",Stephan Myburgh
115,Joshua Brian Little,"November 01, 1999, Dublin",Right hand Bat,Left arm Fast medium,Bowler,L Little,"https://img1.hscicdn.com/image/upload/f_auto,t_ds_square_w_320/lsci/db/PICTURES/CMS/319800/319874.png",Josh Little
116,Matthew Scott Wade,"December 26, 1987, Hobart, Tasmania",Left hand Bat,Right arm Medium,Wicketkeeper Batter,Australia,"https://img1.hscicdn.com/image/upload/f_auto,t_ds_square_w_320/lsci/db/PICTURES/CMS/316500/316594.png",Matthew Wade
117,Conor Olphert,28-Dec-95,Right hand Bat,Right arm Medium,Bowler,DM Olphert,"https://img1.hscicdn.com/image/upload/f_auto,t_ds_square_w_320/lsci/db/PICTURES/CMS/348600/348602.png",Conor Olphert
118,Soumya Sarkar,"February 25, 1993, Satkhira",Left hand Bat,Right arm Medium fast,Middle order Batter,Bangladesh,"https://img1.hscicdn.com/image/upload/f_auto,t_ds_square_w_320/lsci/db/PICTURES/CMS/316600/316685.png",Soumya Sarkar
119,Mohammad Shoriful Islam,"June 03, 2001, Panchagor",Left hand Bat,Left arm Medium fast,Bowler,Bangladesh,"https://img1.hscicdn.com/image/upload/f_auto,t_ds_square_w_320/lsci/db/PICTURES/CMS/323100/323175.png",Shoriful Islam
120,Mohammad Haris,"March 30, 2001, Peshawar",Right hand Bat,Right arm Offbreak,Middle order Batter,Pakistan,https://drive.google.com/uc?export=view&id=1ExW9SW72zMaLijJHbfmPF3lbFF_dQC-m,Mohammad Haris
121,Aiden Kyle Markram,"October 04, 1994, Centurion",Right hand Bat,Right arm Offbreak,Opening Batter,South Africa,"https://img1.hscicdn.com/image/upload/f_auto,t_ds_square_w_320/lsci/db/PICTURES/CMS/322000/322067.png",Aiden Markram
122,Curtis Campher,"April 20, 1999, Johannesburg",Right hand Bat,Right arm Medium fast,Allrounder,Ireland,"https://img1.hscicdn.com/image/upload/f_auto,t_ds_square_w_320/lsci/db/PICTURES/CMS/321300/321343.png",Curtis Campher
123,Nicholas Pooran,"October 02, 1995, Trinidad",Left hand Bat,Right arm Offbreak,Wicketkeeper Batter,West Indies,"https://img1.hscicdn.com/image/upload/f_auto,t_ds_square_w_320/lsci/db/PICTURES/CMS/320100/320109.png",Nicholas Pooran
126,Haider Ali,"October 02, 2000, Attock",Right hand Bat,,Middle order Batter,Pakistan,"https://img1.hscicdn.com/image/upload/f_auto,t_ds_square_w_320/lsci/db/PICTURES/CMS/322200/322204.png",Haider Ali
127,Alishan Sharafu,"January 10, 2003, Kerala, India",Right hand Bat,Right arm Medium,Opening Batter,United Arab Emirates,"https://img1.hscicdn.com/image/upload/f_auto,t_h_100_2x/lsci/db/PICTURES/CMS/348600/348627.4.jpg",Alishan Sharafu
128,Litton Kumer Das,"October 13, 1994, Dinajpur",Right hand Bat,Right arm Offbreak,Wicketkeeper Batter,Bangladesh,"https://img1.hscicdn.com/image/upload/f_auto,t_ds_square_w_320/lsci/db/PICTURES/CMS/319700/319727.png",Litton Das
129,Scott Andrew Edwards,"August 23, 1996, Tonga",Right hand Bat,,Wicketkeeper Batter,Netherlands,"https://img1.hscicdn.com/image/upload/f_auto,t_ds_square_w_320/lsci/db/PICTURES/CMS/322500/322592.png",Scott Edwards
130,Bas de Leede,15-Nov-99,Right hand Bat,Right arm Fast medium,Batting Allrounder,B de Leede,"https://img1.hscicdn.com/image/upload/f_auto,t_ds_square_w_320/lsci/db/PICTURES/CMS/322600/322637.png",Bas de Leede
131,Mark Richard Adair,"March 27, 1996, Holywood, Northern Ireland",Right hand Bat,Right arm Fast medium,Bowling Allrounder,GR Adair,"https://img1.hscicdn.com/image/upload/f_auto,t_ds_square_w_320/lsci/db/PICTURES/CMS/319800/319892.png",Mark Adair
132,Trent Alexander Boult,"July 22, 1989, Rotorua",Right hand Bat,Left arm Fast medium,Bowler,JJ Boult,"https://img1.hscicdn.com/image/upload/f_auto,t_ds_square_w_320/lsci/db/PICTURES/CMS/316600/316619.png",Trent Boult
133,Kagiso Rabada,"May 25, 1995, Johannesburg",Left hand Bat,Right arm Fast,Bowler,South Africa,"https://img1.hscicdn.com/image/upload/f_auto,t_ds_square_w_320/lsci/db/PICTURES/CMS/320300/320376.png",Kagiso Rabada
134,Obed  Christopher McCoy,4-Jan-97,Left hand Bat,Left arm Fast medium,Bowler,West Indies,"https://img1.hscicdn.com/image/upload/f_auto,t_ds_square_w_320/lsci/db/PICTURES/CMS/322000/322031.png",Obed McCoy
135,Usman Ghani,20-Nov-96,Right hand Bat,,Opening Batter,Afghanistan,https://wassets.hscicdn.com/static/images/lazyimage-transparent.png,Usman Ghani
136,Heinrich Klaasen,"July 30, 1991, Pretoria, Transvaal",Right hand Bat,Right arm Offbreak,Wicketkeeper Batter,South Africa,"https://img1.hscicdn.com/image/upload/f_auto,t_ds_square_w_320/lsci/db/PICTURES/CMS/322000/322073.png",Heinrich Klaasen
137,Dawid Johannes Malan,"September 03, 1987, Roehampton, England",Left hand Bat,Legbreak,Top order Batter,DJ Malan,"https://img1.hscicdn.com/image/upload/f_auto,t_ds_square_w_320/lsci/db/PICTURES/CMS/323000/323003.png",Dawid Malan
138,Michael van Lingen,24-Oct-97,Left hand Bat,Left arm Medium,Bowling Allrounder,Namibia,"https://img1.hscicdn.com/image/upload/f_auto,t_ds_square_w_320/lsci/db/PICTURES/CMS/350300/350305.png",Michael van Lingen
139,Pathum Nissanka Silva,"May 18, 1998, Galle",Right hand Bat,,Top order Batter,Sri Lanka,"https://img1.hscicdn.com/image/upload/f_auto,t_ds_square_w_320/lsci/db/PICTURES/CMS/323000/323070.png",Pathum Nissanka
140,Inderbir Singh Sodhi,"October 31, 1992, Ludhiana, India",Right hand Bat,Legbreak,Bowler,New Zealand,"https://img1.hscicdn.com/image/upload/f_auto,t_ds_square_w_320/lsci/db/PICTURES/CMS/319700/319778.png",Ish Sodhi
141,Divan la Cock,23-Feb-03,Right hand Bat,Legbreak,Opening Batter,Namibia,"https://img1.hscicdn.com/image/upload/f_auto,t_ds_square_w_320/lsci/db/PICTURES/CMS/350300/350303.png",Divan la Cock
142,Logan Verjus van Beek,"September 07, 1990, Christchurch, Canterbury",Right hand Bat,Right arm Medium fast,Bowler,SC Guillen,"https://img1.hscicdn.com/image/upload/f_auto,t_ds_square_w_320/lsci/db/PICTURES/CMS/331100/331170.png",Logan van Beek
143,Handunnettige Deepthi Priyantha Kumar Dharmasena,"April 24, 1971, Colombo",Right hand Bat,Right arm Offbreak,Allrounder,Sri Lanka,"https://img1.hscicdn.com/image/upload/f_auto,t_ds_square_w_320/lsci/db/PICTURES/CMS/319800/319865.png",Kumar Dharmasena
144,Martin James Guptill,"September 30, 1986, Auckland",Right hand Bat,Right arm Offbreak,Opening Batter,New Zealand,"https://img1.hscicdn.com/image/upload/f_auto,t_ds_square_w_320/lsci/db/PICTURES/CMS/316500/316591.png",Martin Guptill
145,Kyle Rico Mayers,"September 08, 1992, Barbados",Left hand Bat,Right arm Medium,Batting Allrounder,West Indies,https://wassets.hscicdn.com/static/images/lazyimage-transparent.png,Kyle Mayers
146,Gareth James Delany,"April 28, 1997, Dublin",Right hand Bat,Legbreak Googly,Batting Allrounder,DC Delany,"https://img1.hscicdn.com/image/upload/f_auto,t_ds_square_w_320/lsci/db/PICTURES/CMS/319800/319872.png",Gareth Delany
147,Ryan Ponsonby Burl,"April 15, 1994, Marondera",Left hand Bat,Legbreak,Middle order Batter,Zimbabwe,"https://img1.hscicdn.com/image/upload/f_auto,t_ds_square_w_320/lsci/db/PICTURES/CMS/321400/321488.png",Ryan Burl
148,Mashtayage Danushka Gunathilaka,"March 17, 1991, Panadura",Left hand Bat,Right arm Offbreak,Allrounder,Sri Lanka,"https://img1.hscicdn.com/image/upload/f_auto,t_ds_square_w_320/lsci/db/PICTURES/CMS/319800/319857.png",Danushka Gunathilaka
149,Arshdeep Singh,"February 05, 1999, Guna, Madhya Pradesh",Left hand Bat,Left arm Medium fast,Bowler,India,"https://img1.hscicdn.com/image/upload/f_auto,t_ds_square_w_320/lsci/db/PICTURES/CMS/322100/322178.png",Arshdeep Singh
150,Safyaan Mohammed Sharif,"May 24, 1991, Huddersfield, Yorkshire",Right hand Bat,Right arm Medium fast,Bowler,Scotland,"https://img1.hscicdn.com/image/upload/f_auto,t_ds_square_w_320/lsci/db/PICTURES/CMS/316600/316679.png",Safyaan Sharif
151,Mark Sinclair Chapman,"June 27, 1994, Hong Kong",Left hand Bat,Slow Left arm Orthodox,Allrounder,New Zealand,https://wassets.hscicdn.com/static/images/lazyimage-transparent.png,Mark Chapman
152,Wellington Pedzisai Masakadza,"October 04, 1993, Harare",Left hand Bat,Slow Left arm Orthodox,Bowler,H Masakadza,"https://img1.hscicdn.com/image/upload/f_auto,t_ds_square_w_320/lsci/db/PICTURES/CMS/321400/321492.png",Wellington Masakadza
153,Mohammad Wasim,"August 25, 2001, North Wazirastan",Right hand Bat,Right arm Fast medium,Allrounder,Pakistan,https://wassets.hscicdn.com/static/images/lazyimage-transparent.png,Mohammad Wasim
154,Binura Fernando,"July 12, 1995, Colombo",Right hand Bat,Left arm Medium fast,Bowler,Sri Lanka,"https://img1.hscicdn.com/image/upload/f_auto,t_ds_square_w_320/lsci/db/PICTURES/CMS/329900/329936.png",Binura Fernando
155,Akeal Jerome Hosein,"April 25, 1993, Port-of-Spain",Left hand Bat,Slow Left arm Orthodox,Bowler,West Indies,"https://img1.hscicdn.com/image/upload/f_auto,t_ds_square_w_320/lsci/db/PICTURES/CMS/321900/321939.png",Akeal Hosein
156,David Clarence Boon,"December 29, 1960, Launceston, Tasmania",Right hand Bat,Right arm Offbreak,Top order Batter,Australia,"https://img1.hscicdn.com/image/upload/f_auto,t_ds_square_w_320/lsci/db/PICTURES/CMS/319600/319691.png",David Boon
157,Mark Andrew Wood,"January 11, 1990, Ashington, Northumberland",Right hand Bat,Right arm Fast,Bowler,N Wood,"https://img1.hscicdn.com/image/upload/f_auto,t_ds_square_w_320/lsci/db/PICTURES/CMS/316600/316660.png",Mark Wood
158,Basil Hameed,"April 15, 1992, Panniyankara, Kozhikode, Kerala",Right hand Bat,Right arm Offbreak,Middle order Batter,United Arab Emirates,"https://img1.hscicdn.com/image/upload/f_auto,t_h_100_2x/lsci/db/PICTURES/CMS/348600/348621.4.jpg",Basil Hameed
159,Hasan Mahmud,"October 12, 1999, Laxmipur",Right hand Bat,Right arm Medium,Bowler,Bangladesh,"https://img1.hscicdn.com/image/upload/f_auto,t_ds_square_w_320/lsci/db/PICTURES/CMS/323100/323172.png",Hasan Mahmud
160,Aryan Lakra,"December 13, 2001, Sonepat, Haryana",Left hand Bat,Slow Left arm Orthodox,Bowler,United Arab Emirates,"https://img1.hscicdn.com/image/upload/f_auto,t_h_100_2x/lsci/db/PICTURES/CMS/348600/348620.4.jpg",Aryan Lakra
161,Richard Keith Illingworth,"August 23, 1963, Greengates, Bradford, Yorkshire",Right hand Bat,Slow Left arm Orthodox,Bowler,MJR Illingworth,"https://img1.hscicdn.com/image/upload/f_auto,t_ds_square_w_320/lsci/db/PICTURES/CMS/322900/322918.png",Richard Illingworth
162,Gulbadin Naib,"June 04, 1991, Logar, Afghanistan",Right hand Bat,Right arm Medium fast,Batting Allrounder,Afghanistan,"https://img1.hscicdn.com/image/upload/f_auto,t_ds_square_w_320/lsci/db/PICTURES/CMS/316600/316661.png",Gulbadin Naib
163,Shamarh Shaqad Joshua Brooks,"October 01, 1988, St. Michael, Barbados",Right hand Bat,Legbreak,Top order Batter,West Indies,"https://img1.hscicdn.com/image/upload/f_auto,t_ds_square_w_320/lsci/db/PICTURES/CMS/322000/322048.png",Shamarh Brooks
164,Rashid Khan Arman,"September 20, 1998, Nangarhar",Right hand Bat,Legbreak Googly,Bowling Allrounder,Afghanistan,"https://img1.hscicdn.com/image/upload/f_auto,t_ds_square_w_320/lsci/db/PICTURES/CMS/320500/320506.png",Rashid Khan
166,Calum Scott MacLeod,"November 15, 1988, Glasgow, Lanarkshire",Right hand Bat,"Right arm Medium fast, Right arm Offbreak",Top order Batter,Scotland,"https://img1.hscicdn.com/image/upload/f_auto,t_ds_square_w_320/lsci/db/PICTURES/CMS/316500/316597.png",Calum MacLeod
167,Richard Douglas Berrington,"April 03, 1987, Pretoria, South Africa",Right hand Bat,Right arm Medium fast,Top order Batter,Scotland,"https://img1.hscicdn.com/image/upload/f_auto,t_ds_square_w_320/lsci/db/PICTURES/CMS/316500/316587.png",Richie Berrington
168,Bradley Thomas James Wheal,"August 28, 1996, Durban, KwaZulu-Natal",Right hand Bat,Right arm Fast medium,Bowler,Scotland,"https://img1.hscicdn.com/image/upload/f_auto,t_ds_square_w_320/lsci/db/PICTURES/CMS/322400/322436.png",Brad Wheal
169,Timothy Hays David,"March 16, 1996, Singapore",Right hand Bat,Right arm Offbreak,Middle order Batter,R David,"https://img1.hscicdn.com/image/upload/f_auto,t_ds_square_w_320/lsci/db/PICTURES/CMS/340300/340305.png",Tim David
170,Naseem Shah,15-Feb-03,Right hand Bat,Right arm Fast,Bowler,Pakistan,"https://img1.hscicdn.com/image/upload/f_auto,t_ds_square_w_320/lsci/db/PICTURES/CMS/322200/322223.png",Naseem Shah
171,Fazalhaq Farooqi,"September 22, 2000, Baghlan",Right hand Bat,Left arm Fast medium,Bowler,Afghanistan,https://wassets.hscicdn.com/static/images/lazyimage-transparent.png,Fazalhaq Farooqi
172,David Andrew Miller,"June 10, 1989, Pietermaritzburg, Natal",Left hand Bat,Right arm Offbreak,Middle order Batter,South Africa,"https://img1.hscicdn.com/image/upload/f_auto,t_ds_square_w_320/lsci/db/PICTURES/CMS/316600/316655.png",David Miller
173,Ravichandran Ashwin,"September 17, 1986, Madras (now Chennai), Tamil Nadu",Right hand Bat,Right arm Offbreak,Bowling Allrounder,India,"https://img1.hscicdn.com/image/upload/f_auto,t_ds_square_w_320/lsci/db/PICTURES/CMS/316500/316521.png",Ravichandran Ashwin
174,Mohammed Shami Ahmed,"September 03, 1990, Amroha, Uttar Pradesh",Right hand Bat,Right arm Fast,Bowler,Mohammed Kaif,"https://img1.hscicdn.com/image/upload/f_auto,t_ds_square_w_320/lsci/db/PICTURES/CMS/316600/316691.png",Mohammed Shami
175,Pathira Vasan Dushmantha Chameera,"January 11, 1992, Ragama",Right hand Bat,Right arm Fast,Bowler,Sri Lanka,"https://img1.hscicdn.com/image/upload/f_auto,t_ds_square_w_320/lsci/db/PICTURES/CMS/319800/319862.png",Dushmantha Chameera
176,Shan Masood Khan,"October 14, 1989, Kuwait",Left hand Bat,Right arm Medium fast,Opening Batter,Pakistan,"https://img1.hscicdn.com/image/upload/f_auto,t_ds_square_w_320/lsci/db/PICTURES/CMS/322200/322251.png",Shan Masood
177,Josh Reginald Hazlewood,"January 08, 1991, Tamworth, New South Wales",Left hand Bat,Right arm Fast medium,Bowler,Australia,"https://img1.hscicdn.com/image/upload/f_auto,t_ds_square_w_320/lsci/db/PICTURES/CMS/316600/316622.png",Josh Hazlewood
178,Michael Alexander Leask,"October 29, 1990, Aberdeen",Right hand Bat,Right arm Offbreak,Allrounder,Scotland,"https://img1.hscicdn.com/image/upload/f_auto,t_ds_square_w_320/lsci/db/PICTURES/CMS/316600/316678.png",Michael Leask
179,Vriitya Aravind,"June 11, 2002, Chennai, India",Right hand Bat,,Wicketkeeper,United Arab Emirates XI,"https://img1.hscicdn.com/image/upload/f_auto,t_ds_square_w_320/lsci/db/PICTURES/CMS/320100/320102.png",Vriitya Aravind
180,Mustafizur Rahman,"September 06, 1995, Satkhira",Left hand Bat,Left arm Fast medium,Bowler,Bangladesh,"https://img1.hscicdn.com/image/upload/f_auto,t_ds_square_w_320/lsci/db/PICTURES/CMS/319700/319734.png",Mustafizur Rahman
181,Mohammad Nabi,"January 01, 1985, Loger, Afghanistan",Right hand Bat,Right arm Offbreak,Allrounder,Hassan Eisakhil,"https://img1.hscicdn.com/image/upload/f_auto,t_ds_square_w_320/lsci/db/PICTURES/CMS/316500/316558.png",Mohammad Nabi
182,Keshav Athmanand Maharaj,"February 07, 1990, Durban, Natal",Right hand Bat,Slow Left arm Orthodox,Bowler,South Africa,"https://img1.hscicdn.com/image/upload/f_auto,t_ds_square_w_320/lsci/db/PICTURES/CMS/322000/322072.png",Keshav Maharaj
183,Michael Alexander Jones,"January 05, 1998, Ormskirk, Lancashire",Right hand Bat,Right arm Offbreak,Top order Batter,Scotland,"https://img1.hscicdn.com/image/upload/f_auto,t_ds_square_w_320/lsci/db/PICTURES/CMS/322400/322444.png",Michael Jones
184,Kariyawasam Indipalage Charith Asalanka,"June 29, 1997, Elpitiya",Left hand Bat,Right arm Offbreak,Batting Allrounder,Sri Lanka,"https://img1.hscicdn.com/image/upload/f_auto,t_ds_square_w_320/lsci/db/PICTURES/CMS/348500/348599.png",Charith Asalanka
185,Mitchell Josef Santner,"February 05, 1992, Hamilton",Left hand Bat,Slow Left arm Orthodox,Bowling Allrounder,EH Santner,"https://img1.hscicdn.com/image/upload/f_auto,t_ds_square_w_320/lsci/db/PICTURES/CMS/319700/319792.png",Mitchell Santner
186,Adil Usman Rashid,"February 17, 1988, Bradford, Yorkshire",Right hand Bat,Legbreak,Bowler,H Rashid,"https://img1.hscicdn.com/image/upload/f_auto,t_ds_square_w_320/lsci/db/PICTURES/CMS/319700/319741.png",Adil Rashid
187,Naveen-ul-Haq Murid,"September 23, 1999, Kabul",Right hand Bat,Right arm Medium fast,Bowler,Afghanistan,"https://img1.hscicdn.com/image/upload/f_auto,t_ds_square_w_320/lsci/db/PICTURES/CMS/320500/320502.png",Naveen-ul-Haq
188,Maxwell Patrick O'Dowd,"March 04, 1994, Auckland",Right hand Bat,Right arm Offbreak,Opening Batter,AP O'Dowd,"https://img1.hscicdn.com/image/upload/f_auto,t_ds_square_w_320/lsci/db/PICTURES/CMS/322500/322583.png",Max O'Dowd
189,Darwish Rasooli,"December 12, 1999, Laghman",Right hand Bat,Right arm Offbreak,Top order Batter,Afghanistan,"https://img1.hscicdn.com/image/upload/f_auto,t_h_100_2x/lsci/db/PICTURES/CMS/347800/347833.4.jpg",Darwish Rasooli
190,Koralegedera Nadeeja Ashen Bandara,"November 23, 1998, Galle",Right hand Bat,Legbreak,Middle order Batter,Sri Lanka,"https://img1.hscicdn.com/image/upload/f_auto,t_ds_square_w_320/lsci/db/PICTURES/CMS/323000/323079.png",Ashen Bandara
191,Brad Evans,24-Mar-97,Right hand Bat,Right arm Fast,Allrounder,CN Evans,"https://img1.hscicdn.com/image/upload/f_auto,t_ds_square_w_320/lsci/db/PICTURES/CMS/348500/348596.png",Brad Evans
192,Devon Philip Conway,"July 08, 1991, Johannesburg, Transvaal",Left hand Bat,Right arm Medium,Wicketkeeper Batter,New Zealand,"https://img1.hscicdn.com/image/upload/f_auto,t_ds_square_w_320/lsci/db/PICTURES/CMS/321200/321214.png",Devon Conway
193,Johannes Jonathan Smit,"November 10, 1995, keetmanshoop",Right hand Bat,Left arm Medium fast,Bowling Allrounder,Namibia,https://wassets.hscicdn.com/static/images/lazyimage-transparent.png,JJ Smit
194,Tom Lexley William Cooper,"November 26, 1986, Wollongong, New South Wales",Right hand Bat,Right arm Offbreak,Middle order Batter,BN Cooper,"https://img1.hscicdn.com/image/upload/f_auto,t_ds_square_w_320/lsci/db/PICTURES/CMS/322400/322485.png",Tom Cooper
195,Liam Stephen Livingstone,"August 04, 1993, Barrow-in-Furness, Cumberland",Right hand Bat,Legbreak,Batting Allrounder,England,"https://img1.hscicdn.com/image/upload/f_auto,t_ds_square_w_320/lsci/db/PICTURES/CMS/323100/323103.png",Liam Livingstone
196,Yasir Ali Chowdhury,"March 06, 1996, Chittagong",Right hand Bat,Right arm Offbreak,Middle order Batter,Bangladesh,"https://img1.hscicdn.com/image/upload/f_auto,t_h_100_2x/lsci/db/PICTURES/CMS/179500/179555.1.jpg",Yasir Ali
197,Christopher Roger Woakes,"March 02, 1989, Birmingham, Warwickshire",Right hand Bat,Right arm Fast medium,Allrounder,England,"https://img1.hscicdn.com/image/upload/f_auto,t_ds_square_w_320/lsci/db/PICTURES/CMS/316600/316603.png",Chris Woakes
198,Odean Fabian Smith,"November 01, 1996, St. Elizabeth, Jamaica",Right hand Bat,Right arm Fast medium,Bowling Allrounder,West Indies,"https://img1.hscicdn.com/image/upload/f_auto,t_h_100_2x/lsci/db/PICTURES/CMS/348100/348147.4.jpg",Odean Smith
199,James Douglas Sheahan Neesham,"September 17, 1990, Auckland",Left hand Bat,Right arm Medium fast,Batting Allrounder,New Zealand,"https://img1.hscicdn.com/image/upload/f_auto,t_ds_square_w_320/lsci/db/PICTURES/CMS/319700/319781.png",James Neesham
200,Mitchell Ross Marsh,"October 20, 1991, Attadale, Perth",Right hand Bat,Right arm Medium,Allrounder,GR Marsh,"https://img1.hscicdn.com/image/upload/f_auto,t_ds_square_w_320/lsci/db/PICTURES/CMS/316600/316612.png",Mitchell Marsh
201,Fionn Hand,"July 01, 1998, Dublin",Right hand Bat,Right arm Medium,Bowling Allrounder,Ireland,"https://img1.hscicdn.com/image/upload/f_auto,t_ds_square_w_320/lsci/db/PICTURES/CMS/348600/348603.png",Fionn Hand
202,Paul Robert Stirling,"September 03, 1990, Belfast",Right hand Bat,Right arm Offbreak,Batting Allrounder,RB Stirling,"https://img1.hscicdn.com/image/upload/f_auto,t_ds_square_w_320/lsci/db/PICTURES/CMS/316600/316638.png",Paul Stirling
203,Jan Nicolaas Frylinck,"April 06, 1994, Bellville, Western Cape",Left hand Bat,Left arm Fast medium,Allrounder,Namibia,"https://img1.hscicdn.com/image/upload/f_auto,t_ds_square_w_320/lsci/db/PICTURES/CMS/348600/348605.png",Jan Frylinck
204,David Jonathan Willey,"February 28, 1990, Northampton",Left hand Bat,Left arm Fast medium,Bowling Allrounder,P Willey,"https://img1.hscicdn.com/image/upload/f_auto,t_ds_square_w_320/lsci/db/PICTURES/CMS/322900/322904.png",David Willey
205,Harry Cherrington Brook,"February 22, 1999, Keighley, Yorkshire",Right hand Bat,Right arm Medium,Batter,England,"https://img1.hscicdn.com/image/upload/f_auto,t_ds_square_w_320/lsci/db/PICTURES/CMS/324200/324246.png",Harry Brook
206,Zahoor Khan,"May 25, 1989, Faisalabad, Punjab",Right hand Bat,Right arm Medium fast,Bowler,United Arab Emirates,"https://img1.hscicdn.com/image/upload/f_auto,t_ds_square_w_320/lsci/db/PICTURES/CMS/320100/320104.png",Zahoor Khan
207,Krishnakumar Dinesh Karthik,"June 01, 1985, Madras (now Chennai), Tamil Nadu",Right hand Bat,Right arm Offbreak,Wicketkeeper Batter,India,"https://img1.hscicdn.com/image/upload/f_auto,t_ds_square_w_320/lsci/db/PICTURES/CMS/319900/319934.png",Dinesh Karthik
208,Michael Gordon Bracewell,"February 14, 1991, Masterton, Wairarapa",Left hand Bat,Right arm Offbreak,Batting Allrounder,BP Bracewell,"https://img1.hscicdn.com/image/upload/f_auto,t_ds_square_w_320/lsci/db/PICTURES/CMS/346200/346245.png",Michael Bracewell
209,Mehidy Hasan Miraz,"October 25, 1997, Khulna",Right hand Bat,Right arm Offbreak,Allrounder,Bangladesh,"https://img1.hscicdn.com/image/upload/f_auto,t_ds_square_w_320/lsci/db/PICTURES/CMS/319700/319728.png",Mehidy Hasan Miraz
210,Marcus Peter Stoinis,"August 16, 1989, Perth",Right hand Bat,Right arm Medium,Batting Allrounder,Australia,"https://img1.hscicdn.com/image/upload/f_auto,t_ds_square_w_320/lsci/db/PICTURES/CMS/321500/321596.png",Marcus Stoinis
211,Mohammad Babar Azam,"October 15, 1994, Lahore, Punjab",Right hand Bat,Right arm Offbreak,Batter,Adnan Akmal,"https://img1.hscicdn.com/image/upload/f_auto,t_ds_square_w_320/lsci/db/PICTURES/CMS/320400/320448.png",Babar Azam
212,Kane William Richardson,"February 12, 1991, Eudunda, South Australia",Right hand Bat,Right arm Fast medium,Bowler,CJ Richardson,"https://img1.hscicdn.com/image/upload/f_auto,t_ds_square_w_320/lsci/db/PICTURES/CMS/321500/321594.png",Kane Richardson
214,Tendai Larry Chatara,"February 28, 1991, Chimanimani",Right hand Bat,Right arm Fast medium,Bowler,Zimbabwe,"https://img1.hscicdn.com/image/upload/f_auto,t_ds_square_w_320/lsci/db/PICTURES/CMS/316600/316683.png",Tendai Chatara
215,Shadab Khan,"October 04, 1998, Mianwali",Right hand Bat,Legbreak,Allrounder,Pakistan,"https://img1.hscicdn.com/image/upload/f_auto,t_ds_square_w_320/lsci/db/PICTURES/CMS/320400/320467.png",Shadab Khan
216,Alzarri Shaheim Joseph,"November 20, 1996, Antigua",Right hand Bat,Right arm Fast,Bowler,West Indies,"https://img1.hscicdn.com/image/upload/f_auto,t_ds_square_w_320/lsci/db/PICTURES/CMS/321900/321943.png",Alzarri Joseph
218,Roelof Erasmus van der Merwe,"December 31, 1984, Johannesburg, Transvaal",Right hand Bat,Slow Left arm Orthodox,Allrounder,Netherlands,https://wassets.hscicdn.com/static/images/lazyimage-transparent.png,Roelof van der Merwe
219,Balapuwaduge Kusal Gimhan Mendis,"February 02, 1995, Moratuwa",Right hand Bat,Legbreak,Wicketkeeper Batter,BOL Mendis,"https://img1.hscicdn.com/image/upload/f_auto,t_ds_square_w_320/lsci/db/PICTURES/CMS/319800/319866.png",Kusal Mendis
222,Bernard Martinus Scholtz,"October 03, 1990, Keetmanshoop, Namibia",Right hand Bat,Slow Left arm Orthodox,Bowler,NRP Scholtz,"https://img1.hscicdn.com/image/upload/f_auto,t_ds_square_w_320/lsci/db/PICTURES/CMS/329700/329759.png",Bernard Scholtz
223,Rovman Powell,"July 23, 1993, Jamaica",Right hand Bat,Right arm Medium fast,Middle order Batter,West Indies,"https://img1.hscicdn.com/image/upload/f_auto,t_ds_square_w_320/lsci/db/PICTURES/CMS/322100/322172.png",Rovman Powell
225,Alexander Daniel Hales,"January 03, 1989, Hillingdon, Middlesex",Right hand Bat,Right arm Medium,Opening Batter,England,"https://img1.hscicdn.com/image/upload/f_auto,t_ds_square_w_320/lsci/db/PICTURES/CMS/316600/316604.png",Alex Hales
226,Shaheen Shah Afridi,"April 06, 2000, Khyber Agency",Left hand Bat,Left arm Fast,Bowler,Riaz Afridi,"https://img1.hscicdn.com/image/upload/f_auto,t_ds_square_w_320/lsci/db/PICTURES/CMS/322200/322250.png",Shaheen Shah Afridi
227,Rilee Roscoe Rossouw,"October 09, 1989, Bloemfontein, Orange Free State",Left hand Bat,Right arm Offbreak,Top order Batter,South Africa,"https://img1.hscicdn.com/image/upload/f_auto,t_ds_square_w_320/lsci/db/PICTURES/CMS/316600/316651.png",Rilee Rossouw
228,Kane Stuart Williamson,"August 08, 1990, Tauranga",Right hand Bat,Right arm Offbreak,Top order Batter,D Cleaver,https://wassets.hscicdn.com/static/images/lazyimage-transparent.png,Kane Williamson
229,Shakib Al Hasan,"March 24, 1987, Magura, Jessore",Left hand Bat,Slow Left arm Orthodox,Allrounder,Bangladesh,"https://img1.hscicdn.com/image/upload/f_auto,t_ds_square_w_320/lsci/db/PICTURES/CMS/316500/316581.png",Shakib Al Hasan
230,David Andrew Warner,"October 27, 1986, Paddington, New South Wales",Left hand Bat,Legbreak,Opening Batter,Australia,https://wassets.hscicdn.com/static/images/lazyimage-transparent.png,David Warner
231,Regis Wiriranai Chakabva,"September 20, 1987, Harare",Right hand Bat,Right arm Offbreak,Wicketkeeper Batter,Zimbabwe,"https://img1.hscicdn.com/image/upload/f_auto,t_ds_square_w_320/lsci/db/PICTURES/CMS/316600/316627.png",Regis Chakabva
232,Steven Peter Devereux Smith,"June 02, 1989, Sydney, New South Wales",Right hand Bat,Legbreak Googly,Middle order Batter,Australia,"https://img1.hscicdn.com/image/upload/f_auto,t_ds_square_w_320/lsci/db/PICTURES/CMS/316600/316609.png",Steven Smith
233,Pramod Madushan Liyanagamage,"December 14, 1993, Hambantota",Right hand Bat,Right arm Medium fast,Bowler,Sri Lanka,"https://img1.hscicdn.com/image/upload/f_auto,t_h_100_2x/lsci/db/PICTURES/CMS/303200/303202.jpg",Pramod Madushan
234,Mosaddek Hossain Saikat,"December 10, 1995, Mymensingh",Right hand Bat,Right arm Offbreak,Middle order Batter,Bangladesh,https://wassets.hscicdn.com/static/images/lazyimage-transparent.png,Mosaddek Hossain
235,Wayne Dillon Parnell,"July 30, 1989, Port Elizabeth, Cape Province",Left hand Bat,Left arm Medium fast,Bowler,South Africa,"https://img1.hscicdn.com/image/upload/f_auto,t_ds_square_w_320/lsci/db/PICTURES/CMS/316600/316608.png",Wayne Parnell
236,Richard Ngarava,"December 28, 1997, Harare",Left hand Bat,Left arm Fast medium,Bowler,Zimbabwe,"https://img1.hscicdn.com/image/upload/f_auto,t_ds_square_w_320/lsci/db/PICTURES/CMS/348500/348597.png",Richard Ngarava
237,Shariz Ahmad,21-Apr-03,Left hand Bat,Legbreak Googly,Bowler,Netherlands,https://drive.google.com/uc?export=view&id=1ExW9SW72zMaLijJHbfmPF3lbFF_dQC-m,Shariz Ahmad
238,Chundangapoyil Puthiyapurayil Rizwan,"April 19, 1988, Tellicherry, Kerala",Right hand Bat,Legbreak Googly,Middle order Batter,United Arab Emirates,"https://img1.hscicdn.com/image/upload/f_auto,t_ds_square_w_320/lsci/db/PICTURES/CMS/320300/320320.png",Chundangapoyil Rizwan
239,Frederick Jack Klaassen,"November 13, 1992, Haywards Heath, Sussex",Right hand Bat,Left arm Fast medium,Bowler,Netherlands,"https://img1.hscicdn.com/image/upload/f_auto,t_ds_square_w_320/lsci/db/PICTURES/CMS/324200/324241.png",Fred Klaassen
240,Johnson Charles,"January 14, 1989, St Lucia",Right hand Bat,,Wicketkeeper Batter,West Indies,"https://img1.hscicdn.com/image/upload/f_auto,t_ds_square_w_320/lsci/db/PICTURES/CMS/322000/322008.png",Johnson Charles
241,Mark Robert James Watt,"July 29, 1996, Eastern General Hospital, Edinburgh",Left hand Bat,Slow Left arm Orthodox,Bowler,Scotland,"https://img1.hscicdn.com/image/upload/f_auto,t_ds_square_w_320/lsci/db/PICTURES/CMS/320300/320372.png",Mark Watt
242,Sikandar Raza Butt,"April 24, 1986, Sialkot, Punjab, Pakistan",Right hand Bat,Right arm Offbreak,Batting Allrounder,Zimbabwe,"https://img1.hscicdn.com/image/upload/f_auto,t_ds_square_w_320/lsci/db/PICTURES/CMS/316600/316632.png",Sikandar Raza
243,Daryl Joseph Mitchell,"May 20, 1991, Hamilton",Right hand Bat,Right arm Medium,Allrounder,New Zealand,"https://img1.hscicdn.com/image/upload/f_auto,t_ds_square_w_320/lsci/db/PICTURES/CMS/321200/321212.png",Daryl Mitchell
244,Bhuvneshwar Kumar Singh,"February 05, 1990, Meerut, Uttar Pradesh",Right hand Bat,Right arm Medium,Bowler,India,"https://img1.hscicdn.com/image/upload/f_auto,t_ds_square_w_320/lsci/db/PICTURES/CMS/316600/316658.png",Bhuvneshwar Kumar
